City_ID,City,Country,Date,Lat,Lng,Max Temp,Humidity,Cloudiness,Wind Speed
0,Baiyin,CN,2021-09-22 20:17:03,36.5583,104.2081,50.88,68,3,3.24
1,Dikson,RU,2021-09-22 20:17:04,73.5069,80.5464,35.56,99,100,10.04
2,Kisangani,CD,2021-09-22 20:17:04,0.5167,25.2,71.51,90,71,2.26
3,Cape Town,ZA,2021-09-22 20:17:04,-33.9258,18.4232,65.12,82,0,3.44
4,Coquimbo,CL,2021-09-22 20:17:05,-29.9533,-71.3436,60.53,58,0,16.11
5,Georgetown,MY,2021-09-22 20:13:49,5.4112,100.3354,79.9,78,20,0.0
6,Busselton,AU,2021-09-22 20:17:05,-33.65,115.3333,49.05,91,0,9.84
7,Balclutha,NZ,2021-09-22 20:17:05,-46.2339,169.75,42.1,79,4,3.89
8,Conde,BR,2021-09-22 20:17:06,-7.2597,-34.9075,80.06,78,0,8.05
9,Hilo,US,2021-09-22 20:17:06,19.7297,-155.09,82.27,82,90,8.05
10,Adrar,MR,2021-09-22 20:17:06,20.5022,-10.0711,96.51,10,0,9.89
11,Sao Filipe,CV,2021-09-22 20:17:06,14.8961,-24.4956,79.41,80,29,6.51
12,Ushuaia,AR,2021-09-22 20:14:58,-54.8,-68.3,49.66,66,40,21.85
13,Mataura,NZ,2021-09-22 20:17:07,-46.1927,168.8643,42.48,74,5,2.64
14,Haines Junction,CA,2021-09-22 20:17:07,60.7522,-137.5108,35.55,75,97,3.44
15,Olafsvik,IS,2021-09-22 20:17:08,64.8945,-23.7142,41.92,69,7,6.8
16,Hassleholm,SE,2021-09-22 20:16:14,56.1591,13.7664,60.33,91,0,5.93
17,Domoni,KM,2021-09-22 20:17:08,-12.2569,44.5319,75.49,75,0,8.63
18,Wawa,NG,2021-09-22 20:17:08,9.9022,4.4192,72.52,94,96,5.88
19,Port Alfred,ZA,2021-09-22 20:17:09,-33.5906,26.891,61.77,80,3,23.33
20,Tuktoyaktuk,CA,2021-09-22 20:17:09,69.4541,-133.0374,37.4,65,75,19.57
21,Villa De Reyes,MX,2021-09-22 20:17:09,21.8,-100.9333,71.87,44,51,18.54
22,Sao Jose Do Rio Preto,BR,2021-09-22 20:17:10,-20.8197,-49.3794,84.47,23,1,11.5
23,Rio Gallegos,AR,2021-09-22 20:17:10,-51.6226,-69.2181,53.65,58,40,37.98
24,Codrington,AU,2021-09-22 20:17:10,-38.2667,141.9667,48.6,90,1,12.82
25,Yar-Sale,RU,2021-09-22 20:17:11,66.8333,70.8333,38.79,92,94,12.3
26,Komsomolskiy,UZ,2021-09-22 20:17:11,40.4272,71.7189,65.12,48,0,4.61
27,Bredasdorp,ZA,2021-09-22 20:17:11,-34.5322,20.0403,56.52,82,100,0.0
28,Punta Arenas,CL,2021-09-22 20:17:11,-53.15,-70.9167,48.22,71,75,25.32
29,Vao,NC,2021-09-22 20:17:12,-22.6667,167.4833,67.01,73,82,22.88
30,Havelock,US,2021-09-22 20:17:12,34.8791,-76.9013,80.55,92,75,7.0
31,Bluff,NZ,2021-09-22 20:17:12,-46.6,168.3333,42.8,81,11,11.3
32,Pangnirtung,CA,2021-09-22 20:17:13,66.1451,-65.7125,37.4,52,40,6.91
33,Anadyr,RU,2021-09-22 20:17:13,64.75,177.4833,32.5,74,90,8.95
34,Rikitea,PF,2021-09-22 20:17:13,-23.1203,-134.9692,72.99,77,38,20.15
35,Yellowknife,CA,2021-09-22 20:16:39,62.456,-114.3525,50.52,81,75,9.22
36,Bambous Virieux,MU,2021-09-22 20:17:14,-20.3428,57.7575,71.22,78,40,11.5
37,Hermanus,ZA,2021-09-22 20:17:14,-34.4187,19.2345,64.9,68,90,11.1
38,Barrow,US,2021-09-22 20:17:14,71.2906,-156.7887,32.02,69,90,17.27
39,Qasigiannguit,GL,2021-09-22 20:17:14,68.8193,-51.1922,28.65,89,46,4.94
40,East London,ZA,2021-09-22 20:17:15,-33.0153,27.9116,62.69,76,0,19.71
41,Jamestown,US,2021-09-22 20:17:15,42.097,-79.2353,74.84,84,90,11.99
42,New Norfolk,AU,2021-09-22 20:17:15,-42.7826,147.0587,57.92,59,94,5.01
43,Khatanga,RU,2021-09-22 20:17:16,71.9667,102.5,33.49,98,100,10.07
44,Bathsheba,BB,2021-09-22 20:17:16,13.2167,-59.5167,88.41,66,40,11.5
45,Pavelets,RU,2021-09-22 20:17:16,53.7883,39.246,48.11,93,100,1.45
46,Atuona,PF,2021-09-22 20:17:17,-9.8,-139.0333,77.76,76,28,21.61
47,Kodiak,US,2021-09-22 20:17:17,57.79,-152.4072,45.43,61,100,10.13
48,Petrovsk,RU,2021-09-22 20:17:17,52.3064,45.3917,54.97,94,97,9.04
49,Chuy,UY,2021-09-22 20:17:18,-33.6971,-53.4616,58.01,74,99,10.07
50,Lompoc,US,2021-09-22 20:17:18,34.6391,-120.4579,90.01,71,1,8.01
51,Victoria,HK,2021-09-22 20:17:18,22.2855,114.1577,85.98,81,28,1.99
52,Ixtapa,MX,2021-09-22 20:17:18,20.7,-105.2,88.23,74,90,6.91
53,Mackay,AU,2021-09-22 20:17:19,-21.15,149.2,57.04,69,100,9.24
54,Karachi,PK,2021-09-22 20:17:19,24.9056,67.0822,84.02,74,75,5.75
55,Bud,US,2021-09-22 20:17:19,39.447,-86.1758,55.81,97,100,17.9
56,Albany,US,2021-09-22 20:15:54,42.6001,-73.9662,80.85,71,85,10.31
57,Geraldton,AU,2021-09-22 20:17:20,-28.7667,114.6,48.61,66,0,8.05
58,Kailua,US,2021-09-22 20:17:20,21.4022,-157.7394,84.18,64,20,13.8
59,Hobart,AU,2021-09-22 20:13:07,-42.8794,147.3294,58.26,57,75,7.0
60,Puerto Ayora,EC,2021-09-22 20:17:20,-0.7393,-90.3518,80.56,83,73,11.3
61,Kolokani,ML,2021-09-22 20:17:21,13.5728,-8.0339,79.07,67,81,9.82
62,Lagoa,PT,2021-09-22 20:17:21,39.05,-27.9833,70.56,77,0,14.34
63,Faanui,PF,2021-09-22 20:17:21,-16.4833,-151.75,77.85,69,0,6.51
64,Saskylakh,RU,2021-09-22 20:17:22,71.9167,114.0833,36.18,94,100,4.23
65,Severo-Kurilsk,RU,2021-09-22 20:17:22,50.6789,156.125,49.3,83,100,6.44
66,Upernavik,GL,2021-09-22 20:17:22,72.7868,-56.1549,22.86,57,92,4.41
67,Hervey Bay,AU,2021-09-22 20:17:23,-25.2986,152.8535,57.04,81,1,10.29
68,Qaanaaq,GL,2021-09-22 20:15:17,77.484,-69.3632,13.46,63,11,6.89
69,Baykit,RU,2021-09-22 20:17:23,61.67,96.37,28.15,98,96,2.82
70,Toamasina,MG,2021-09-22 20:17:23,-18.1667,49.3833,66.2,94,40,2.3
71,Ayan,RU,2021-09-22 20:17:24,56.45,138.1667,48.92,58,5,6.35
72,Alice Springs,AU,2021-09-22 20:15:28,-23.7,133.8833,36.95,56,0,0.0
73,Lata,PT,2021-09-22 20:17:24,40.1629,-8.3327,67.05,71,100,4.68
74,Vaini,TO,2021-09-22 20:17:24,-21.2,-175.2,75.36,88,40,10.36
75,Kosugi,JP,2021-09-22 20:17:25,36.7167,137.1,64.24,87,2,5.41
76,Ushtobe,KZ,2021-09-22 20:17:25,45.2514,77.9838,52.34,26,100,8.86
77,Nanortalik,GL,2021-09-22 20:17:25,60.1432,-45.2371,42.01,90,100,5.7
78,Bengkulu,ID,2021-09-22 20:17:26,-3.8004,102.2655,75.31,90,100,3.31
79,Butaritari,KI,2021-09-22 20:15:18,3.0707,172.7902,82.65,67,95,16.08
80,Lebu,CL,2021-09-22 20:17:26,-37.6167,-73.65,54.21,61,36,5.08
81,Altay,CN,2021-09-22 20:17:26,47.8667,88.1167,38.1,25,74,3.91
82,Alofi,NU,2021-09-22 20:17:27,-19.0595,-169.9187,75.09,83,75,16.11
83,Koster,ZA,2021-09-22 20:17:27,-25.863,26.8976,56.37,53,27,4.41
84,Pemberton,CA,2021-09-22 20:15:04,50.3164,-122.8027,69.49,75,97,2.39
85,Athabasca,CA,2021-09-22 20:15:03,54.7169,-113.2854,65.05,38,100,15.39
86,Kaitangata,NZ,2021-09-22 20:17:27,-46.2817,169.8464,43.43,75,4,4.65
87,La Ronge,CA,2021-09-22 20:17:28,55.1001,-105.2842,61.05,59,90,3.44
88,Luena,AO,2021-09-22 20:17:28,-11.7833,19.9167,69.49,20,100,4.88
89,Gubkinskiy,RU,2021-09-22 20:17:19,64.434,76.5026,33.67,85,39,9.64
90,Kapaa,US,2021-09-22 20:17:21,22.0752,-159.319,84.18,71,90,3.0
91,Cayenne,GF,2021-09-22 20:17:28,4.9333,-52.3333,86.04,77,0,4.0
92,Chokurdakh,RU,2021-09-22 20:17:29,70.6333,147.9167,28.26,79,97,3.31
93,Arman,RU,2021-09-22 20:17:29,59.7,150.1667,42.91,75,82,6.11
94,Nouakchott,MR,2021-09-22 20:17:29,18.0858,-15.9785,82.33,71,0,21.16
95,Airai,TL,2021-09-22 20:17:30,-8.9266,125.4092,57.16,52,51,3.24
96,Henties Bay,NA,2021-09-22 20:17:30,-22.116,14.2845,54.86,80,30,8.39
97,Kiruna,SE,2021-09-22 20:17:30,67.8557,20.2251,43.72,93,90,19.57
98,Zelenoborskiy,RU,2021-09-22 20:17:31,66.845,32.3622,40.84,82,100,9.64
99,Koslan,RU,2021-09-22 20:17:31,63.4564,48.8989,37.0,98,16,5.14
100,Padang,ID,2021-09-22 20:13:30,-0.9492,100.3543,77.49,81,100,3.96
101,Leningradskiy,RU,2021-09-22 20:17:31,69.3833,178.4167,19.96,74,90,6.85
102,Gat,IL,2021-09-22 20:17:31,31.61,34.7642,79.48,100,5,7.72
103,Saint-Philippe,RE,2021-09-22 20:17:32,-21.3585,55.7679,67.59,82,40,11.7
104,Los Llanos De Aridane,ES,2021-09-22 20:17:32,28.6585,-17.9182,71.35,83,75,11.5
105,Joshimath,IN,2021-09-22 20:17:32,30.5667,79.5667,64.54,85,99,1.57
106,Ashland,US,2021-09-22 20:17:33,40.8167,-82.2665,64.51,99,100,11.3
107,Lavrentiya,RU,2021-09-22 20:17:33,65.5833,-171.0,31.64,64,19,8.08
108,Birjand,IR,2021-09-22 20:17:33,32.8663,59.2211,63.07,15,0,4.61
109,Nikolskoye,RU,2021-09-22 20:17:34,59.7035,30.7861,44.49,73,100,3.22
110,High Rock,BS,2021-09-22 20:17:34,26.6208,-78.2833,87.82,67,41,5.73
111,Cabra,ES,2021-09-22 20:17:34,37.4725,-4.4421,73.4,65,21,3.53
112,Bentiu,SS,2021-09-22 20:17:35,9.2333,29.8333,75.38,84,24,3.0
113,Guerrero Negro,MX,2021-09-22 20:17:35,27.9769,-114.0611,85.3,52,89,6.87
114,San Jose,US,2021-09-22 20:13:08,37.3394,-121.895,94.51,44,40,8.05
115,Tiksi,RU,2021-09-22 20:17:35,71.6872,128.8694,34.86,86,97,3.51
116,Hithadhoo,MV,2021-09-22 20:17:36,-0.6,73.0833,82.09,74,100,18.03
117,Kirakira,SB,2021-09-22 20:17:36,-10.4544,161.9205,78.46,83,55,5.86
118,Ponnani,IN,2021-09-22 20:17:36,10.767,75.9252,79.92,87,100,10.6
119,Deputatskiy,RU,2021-09-22 20:17:36,69.3,139.9,25.2,84,16,2.8
120,Pantai Remis,MY,2021-09-22 20:17:37,4.4557,100.6288,73.76,88,88,3.09
121,Mar Del Plata,AR,2021-09-22 20:17:37,-38.0023,-57.5575,59.02,67,90,3.44
122,Clarksburg,US,2021-09-22 20:13:38,39.2807,-80.3445,84.88,69,75,19.57
123,Palmas De Monte Alto,BR,2021-09-22 20:17:38,-14.2672,-43.1619,100.67,14,9,3.83
124,Bethel,US,2021-09-22 20:17:38,41.3712,-73.414,79.72,76,98,1.99
125,Conway,US,2021-09-22 20:15:27,35.0887,-92.4421,79.75,38,1,1.01
126,Sehithwa,BW,2021-09-22 20:17:38,-20.4667,22.7167,76.1,32,35,13.67
127,Isangel,VU,2021-09-22 20:17:38,-19.55,169.2667,76.53,81,100,5.53
128,Kavieng,PG,2021-09-22 20:17:39,-2.5744,150.7967,80.22,82,100,13.76
129,Altamira,BR,2021-09-22 20:15:05,-3.2033,-52.2064,92.91,39,100,4.5
130,Barranca,PE,2021-09-22 20:17:39,-10.75,-77.7667,63.72,79,97,11.1
131,San Quintin,MX,2021-09-22 20:17:39,30.4833,-115.95,82.24,54,1,9.73
132,Yerbogachen,RU,2021-09-22 20:17:40,61.2767,108.0108,32.32,85,31,3.91
133,Sao Felix Do Xingu,BR,2021-09-22 20:13:46,-6.6447,-51.995,103.35,15,100,2.57
134,Hasaki,JP,2021-09-22 20:17:40,35.7333,140.8333,77.4,83,100,15.88
135,Ribeira Grande,PT,2021-09-22 20:17:40,38.5167,-28.7,72.0,83,20,16.11
136,Syamzha,RU,2021-09-22 20:17:41,60.0158,41.0614,43.54,86,100,8.32
137,Touros,BR,2021-09-22 20:17:41,-5.1989,-35.4608,83.3,75,51,9.84
138,Pirajui,BR,2021-09-22 20:17:41,-21.9986,-49.4572,76.51,28,79,14.7
139,Oranjemund,NA,2021-09-22 20:17:41,-28.55,16.4333,65.93,49,22,5.97
140,Maceio,BR,2021-09-22 20:17:42,-9.6658,-35.7353,85.44,79,0,12.66
141,Cidreira,BR,2021-09-22 20:17:42,-30.1811,-50.2056,63.43,68,16,15.19
142,Belmonte,BR,2021-09-22 20:17:42,-15.8631,-38.8828,72.1,80,96,18.03
143,Salalah,OM,2021-09-22 20:17:43,17.0151,54.0924,82.49,83,40,6.91
144,Canutama,BR,2021-09-22 20:17:43,-6.5339,-64.3831,98.38,31,91,1.77
145,Talnakh,RU,2021-09-22 20:17:43,69.4865,88.3972,33.98,77,97,9.24
146,Hamilton,US,2021-09-22 20:15:50,39.1834,-84.5333,59.47,95,90,3.0
147,Pevek,RU,2021-09-22 20:17:44,69.7008,170.3133,27.93,64,100,7.87
148,Santo Tomas,PH,2021-09-22 20:17:44,14.1079,121.1414,80.85,92,100,3.27
149,Angoche,MZ,2021-09-22 20:17:44,-16.2325,39.9086,74.32,73,0,9.55
150,Dunedin,NZ,2021-09-22 20:17:45,-45.8742,170.5036,47.91,70,0,3.6
151,Lakatoro,VU,2021-09-22 20:17:45,-16.0999,167.4164,76.91,86,100,5.46
152,Odweyne,SO,2021-09-22 20:17:45,9.4092,45.064,81.86,42,67,3.58
153,Ponta Do Sol,PT,2021-09-22 20:17:46,32.6667,-17.1,72.23,66,100,5.23
154,Mweka,CD,2021-09-22 20:17:46,-4.85,21.5667,72.14,77,19,1.52
155,Middelkerke,BE,2021-09-22 20:17:46,51.1558,2.8418,59.47,88,23,1.14
156,Beyneu,KZ,2021-09-22 20:17:47,45.3167,55.2,63.07,40,98,19.13
157,Ilulissat,GL,2021-09-22 20:17:47,69.2167,-51.1,28.42,46,75,5.75
158,Husavik,IS,2021-09-22 20:17:47,66.0449,-17.3389,39.11,93,100,8.66
159,Adiake,CI,2021-09-22 20:17:47,5.2863,-3.304,78.39,91,100,3.76
160,Sarangani,PH,2021-09-22 20:17:48,5.4033,125.4636,81.34,76,65,8.86
161,Castro,BR,2021-09-22 20:17:48,-24.7911,-50.0119,63.3,57,24,11.25
162,Cukai,MY,2021-09-22 20:17:48,4.25,103.4167,77.14,91,100,2.68
163,Souillac,MU,2021-09-22 20:17:49,-20.5167,57.5167,71.37,78,40,11.5
164,Mandera,KE,2021-09-22 20:17:49,3.9366,41.867,84.97,48,100,23.67
165,Amga,RU,2021-09-22 20:17:49,60.8953,131.9608,33.85,82,15,3.47
166,Louis Trichardt,ZA,2021-09-22 20:17:50,-23.0439,29.9032,57.09,55,0,6.85
167,Ketchikan,US,2021-09-22 20:17:50,55.3422,-131.6461,51.98,67,99,6.26
168,Berasia,IN,2021-09-22 20:17:50,23.6333,77.4333,74.59,91,29,3.56
169,Bodinayakkanur,IN,2021-09-22 20:17:51,10.0167,77.35,75.2,86,96,3.65
170,Rzhaksa,RU,2021-09-22 20:17:51,52.1338,42.0264,48.38,84,100,5.23
171,Garowe,SO,2021-09-22 20:17:51,8.4054,48.4845,78.76,57,0,23.98
172,Balakhta,RU,2021-09-22 20:17:52,55.38,91.6,36.86,95,100,0.78
173,Tecoanapa,MX,2021-09-22 20:17:52,16.5167,-98.75,85.82,67,5,9.62
174,Pisco,PE,2021-09-22 20:17:52,-13.7,-76.2167,69.85,60,0,12.66
175,Saldanha,ZA,2021-09-22 20:17:53,-33.0117,17.9442,60.85,53,4,4.27
176,Moussoro,TD,2021-09-22 20:17:53,13.6408,16.4901,83.93,47,100,8.99
177,Butembo,CD,2021-09-22 20:17:53,0.15,29.2833,57.29,97,84,2.51
178,Kyenjojo,UG,2021-09-22 20:17:54,0.6328,30.6214,62.49,97,100,1.81
179,Ancud,CL,2021-09-22 20:17:54,-41.8697,-73.8203,57.42,84,99,15.23
180,Kwinana,AU,2021-09-22 20:17:54,-32.25,115.7667,52.93,75,0,10.58
181,Doha,QA,2021-09-22 20:16:25,25.2867,51.5333,89.58,48,0,4.61
182,Tura,IN,2021-09-22 20:17:55,25.5198,90.2201,73.02,94,79,2.17
183,Laurel,US,2021-09-22 20:17:55,39.0993,-76.8483,80.53,89,90,5.99
184,Popondetta,PG,2021-09-22 20:17:55,-8.7537,148.2534,72.16,99,100,0.51
185,Marawi,PH,2021-09-22 20:17:56,7.9986,124.2928,64.65,96,28,2.15
186,Tecpan,GT,2021-09-22 20:17:56,14.7623,-90.9947,70.56,57,22,7.81
187,Baft,IR,2021-09-22 20:17:56,29.234,56.6057,67.6,36,43,5.91
188,Fort Nelson,CA,2021-09-22 20:17:57,58.8053,-122.7002,49.59,53,75,21.85
189,Pemangkat,ID,2021-09-22 20:17:57,1.1667,108.9667,78.82,86,100,2.71
190,Saint George,US,2021-09-22 20:15:12,37.1041,-113.5841,95.47,14,1,1.99
191,Maarianhamina,AX,2021-09-22 20:15:19,60.0973,19.9348,53.46,82,90,17.27
192,Jumla,NP,2021-09-22 20:17:57,29.2747,82.1838,57.13,93,99,2.66
193,Ferme-Neuve,CA,2021-09-22 20:17:58,46.7001,-75.4493,51.58,98,100,7.56
194,Tasiilaq,GL,2021-09-22 20:17:58,65.6145,-37.6368,35.76,64,0,4.68
195,Mikhaylovka,RU,2021-09-22 20:17:58,50.06,43.2379,48.4,69,63,3.36
196,Sur,OM,2021-09-22 20:17:59,22.5667,59.5289,87.04,60,57,7.11
197,Praia,CV,2021-09-22 20:15:13,14.9215,-23.5087,81.14,74,0,10.36
198,Provideniya,RU,2021-09-22 20:17:59,64.3833,-173.3,30.31,59,0,4.47
199,Rio Grande,BR,2021-09-22 20:14:36,-32.035,-52.0986,64.51,67,97,13.73
200,Beringovskiy,RU,2021-09-22 20:17:59,63.05,179.3167,36.0,66,100,6.26
201,Roccastrada,IT,2021-09-22 20:18:00,43.0099,11.1665,64.6,61,20,6.06
202,Aklavik,CA,2021-09-22 20:18:00,68.2191,-135.0107,38.12,77,100,13.51
203,Raudeberg,NO,2021-09-22 20:18:00,61.9875,5.1352,52.2,78,100,5.01
204,Lasa,IT,2021-09-22 20:18:01,46.6166,10.7002,54.63,67,82,4.85
205,Alyangula,AU,2021-09-22 20:18:01,-13.8483,136.4192,74.05,47,8,16.49
206,Lorengau,PG,2021-09-22 20:18:02,-2.0226,147.2712,79.77,80,97,5.1
207,Luderitz,NA,2021-09-22 20:18:02,-26.6481,15.1594,62.33,57,0,2.51
208,Bagdarin,RU,2021-09-22 20:18:02,54.4333,113.6,36.55,77,100,4.9
209,Saint-Pierre,RE,2021-09-22 20:18:02,-21.3393,55.4781,67.68,68,0,5.75
210,Waingapu,ID,2021-09-22 20:18:03,-9.6567,120.2641,77.07,84,40,8.81
211,Vestmanna,FO,2021-09-22 20:18:03,62.1564,-7.1664,47.32,87,90,16.11
212,Tottori,JP,2021-09-22 20:13:51,35.5,134.2333,67.82,79,0,7.38
213,Mitu,CO,2021-09-22 20:15:36,1.1983,-70.1733,80.28,91,100,2.1
214,Cherskiy,RU,2021-09-22 20:18:04,68.75,161.3,29.53,58,100,5.06
215,Half Moon Bay,US,2021-09-22 20:18:04,37.4636,-122.4286,92.91,62,1,8.05
216,Biak,ID,2021-09-22 20:18:04,-0.9131,122.8766,73.63,90,100,5.95
217,Mut,TR,2021-09-22 20:18:05,36.6439,33.4389,70.29,48,0,7.9
218,Diu,IN,2021-09-22 20:18:05,20.7141,70.9822,80.26,79,97,10.31
219,Puerto Escondido,MX,2021-09-22 20:18:05,15.85,-97.0667,88.63,55,75,6.91
220,Port Moresby,PG,2021-09-22 20:16:19,-9.4431,147.1797,74.01,89,99,11.86
221,Avarua,CK,2021-09-22 20:16:58,-21.2078,-159.775,75.25,73,75,6.91
222,Pacific Grove,US,2021-09-22 20:17:41,36.6177,-121.9166,93.61,77,1,3.0
223,Nouadhibou,MR,2021-09-22 20:18:06,20.931,-17.0347,71.28,83,0,23.15
224,Kahului,US,2021-09-22 20:18:02,20.8947,-156.47,87.06,57,20,20.71
225,Nedjo,ET,2021-09-22 20:18:06,9.5046,35.5019,58.84,95,100,1.57
226,Erzin,TR,2021-09-22 20:18:06,36.9559,36.2,77.72,85,17,2.24
227,Thompson,CA,2021-09-22 20:15:03,55.7435,-97.8558,62.13,50,100,8.48
228,Marsa Matruh,EG,2021-09-22 20:18:07,31.3525,27.2453,77.56,79,0,9.24
229,Asfi,MA,2021-09-22 20:18:07,32.2994,-9.2372,71.01,88,93,10.38
230,Longyearbyen,SJ,2021-09-22 20:18:07,78.2186,15.6401,42.64,70,75,20.71
231,Mahina,PF,2021-09-22 20:18:08,-17.5065,-149.489,78.57,78,75,6.91
232,Moindou,NC,2021-09-22 20:18:08,-21.6924,165.677,64.35,75,87,3.06
233,Carnarvon,AU,2021-09-22 20:18:08,-24.8667,113.6333,64.47,94,9,6.91
234,Saint-Augustin,CA,2021-09-22 20:18:09,51.226,-58.6502,68.47,62,51,16.55
235,El Sauzal,MX,2021-09-22 20:18:09,31.9,-116.6833,80.42,64,5,10.47
236,Male,MV,2021-09-22 20:18:10,4.1748,73.5089,83.01,76,75,15.82
237,Carutapera,BR,2021-09-22 20:18:10,-1.195,-46.02,83.12,71,72,10.22
238,Mana,GF,2021-09-22 20:18:10,5.6592,-53.7767,82.49,76,75,10.76
239,Galveston,US,2021-09-22 20:18:11,29.3669,-94.9669,84.31,41,1,5.99
240,Los Andes,CL,2021-09-22 20:18:08,-32.8337,-70.5983,65.97,26,0,6.11
241,Lethem,GY,2021-09-22 20:18:11,3.3803,-59.7968,89.83,54,98,4.16
242,Kharp,RU,2021-09-22 20:18:11,66.8014,65.8081,35.37,92,68,9.48
243,Nichinan,JP,2021-09-22 20:18:12,31.6,131.3667,61.07,69,8,4.52
244,Kainantu,PG,2021-09-22 20:18:12,-6.2887,145.8655,60.49,97,100,0.65
245,Labuhan,ID,2021-09-22 20:18:12,-6.8844,112.2051,78.93,79,93,9.37
246,Ternate,ID,2021-09-22 20:18:12,0.8,127.4,79.23,80,92,2.64
247,Kavos,GR,2021-09-22 20:18:13,38.8268,22.8322,70.14,79,96,4.0
248,Kalmunai,LK,2021-09-22 20:18:13,7.4167,81.8167,79.79,82,100,7.05
249,Clyde River,CA,2021-09-22 20:18:13,70.4692,-68.5914,31.1,86,100,13.58
250,Bulgan,MN,2021-09-22 20:18:14,48.8125,103.5347,38.44,85,36,3.76
251,Kovur,IN,2021-09-22 20:18:14,14.4833,79.9833,85.05,60,100,2.01
252,Dryden,CA,2021-09-22 20:15:04,49.7833,-92.7503,65.59,44,16,8.77
253,Tanda,IN,2021-09-22 20:18:14,26.55,82.65,76.46,91,13,6.89
254,Kutum,SD,2021-09-22 20:18:15,14.2,24.6667,83.53,34,84,10.67
255,Koungou,YT,2021-09-22 20:18:15,-12.7336,45.2042,76.71,78,0,11.5
256,Sitka,US,2021-09-22 20:18:15,57.0531,-135.33,51.69,58,75,5.75
257,Nombre De Dios,MX,2021-09-22 20:18:16,23.85,-104.2333,72.95,60,88,8.5
258,Port Elizabeth,ZA,2021-09-22 20:18:16,-33.918,25.5701,61.09,88,40,14.97
259,Bilma,NE,2021-09-22 20:18:16,18.6853,12.9164,92.88,11,4,5.84
260,Kovdor,RU,2021-09-22 20:18:17,67.5662,30.4758,38.98,67,100,11.16
261,Pangody,RU,2021-09-22 20:18:17,65.85,74.4859,34.74,97,100,11.61
262,Vila Velha,BR,2021-09-22 20:13:18,-20.3297,-40.2925,71.55,56,75,18.41
263,Yangjiang,CN,2021-09-22 20:18:17,21.85,111.9667,78.1,90,97,5.01
264,Shelburne,CA,2021-09-22 20:18:18,44.0787,-80.2041,54.05,97,100,17.78
265,Pyshchug,RU,2021-09-22 20:18:18,58.8873,45.7134,43.32,85,100,8.72
266,San Cristobal,VE,2021-09-22 20:16:12,7.7669,-72.225,84.38,47,69,6.06
267,Chestermere,CA,2021-09-22 20:15:05,51.0334,-113.8187,68.18,40,100,8.52
268,Tomatlan,MX,2021-09-22 20:18:18,19.9333,-105.25,87.6,67,100,6.46
269,Noumea,NC,2021-09-22 20:18:19,-22.2763,166.4572,64.38,79,98,9.6
270,Auki,SB,2021-09-22 20:18:19,-8.7676,160.7034,77.27,83,94,3.78
271,Carahue,CL,2021-09-22 20:18:19,-38.7,-73.1667,59.2,58,93,4.61
272,Vilhena,BR,2021-09-22 20:18:19,-12.7406,-60.1458,99.86,15,5,5.5
273,Tangshan,CN,2021-09-22 20:18:20,39.6333,118.1833,63.43,74,100,6.02
274,Terekli-Mekteb,RU,2021-09-22 20:18:20,44.1671,45.8698,61.79,75,100,15.05
275,Pemba,MZ,2021-09-22 20:18:20,-12.974,40.5178,76.51,80,5,16.53
276,Bashtanka,UA,2021-09-22 20:18:21,47.4072,32.4387,45.91,86,100,7.2
277,Baruun-Urt,MN,2021-09-22 20:18:21,46.6806,113.2792,54.43,57,21,7.16
278,Sola,VU,2021-09-22 20:18:21,-13.8833,167.55,78.96,78,99,7.81
279,Evensk,RU,2021-09-22 20:18:22,61.95,159.2333,41.95,89,98,3.94
280,Takoradi,GH,2021-09-22 20:16:44,4.8845,-1.7554,76.96,88,100,1.25
281,San Roque,ES,2021-09-22 20:18:22,36.2107,-5.3842,68.83,83,75,13.8
282,Arraial Do Cabo,BR,2021-09-22 20:16:31,-22.9661,-42.0278,71.46,56,20,11.5
283,Tucuman,AR,2021-09-22 20:15:24,-26.8241,-65.2226,62.6,67,90,12.66
284,Esperance,AU,2021-09-22 20:18:23,-33.8667,121.9,55.24,84,0,8.25
285,Hobyo,SO,2021-09-22 20:18:23,5.3505,48.5268,77.31,89,79,23.98
286,Bowen,AU,2021-09-22 20:18:23,-20.0167,148.2333,57.63,73,70,9.66
287,Sun Valley,US,2021-09-22 20:18:23,39.5963,-119.776,86.81,17,20,4.0
288,San Patricio,US,2021-09-22 20:18:24,28.017,-97.5169,88.21,22,27,14.81
289,Torbay,CA,2021-09-22 20:15:04,47.6666,-52.7314,72.48,49,100,10.85
290,Acajutla,SV,2021-09-22 20:18:24,13.5928,-89.8275,95.34,70,97,5.41
291,Ipixuna,BR,2021-09-22 20:18:24,-1.7625,-48.8043,84.15,69,99,6.82
292,Gasa,PS,2021-09-22 20:18:25,31.5,34.4667,80.58,57,0,10.6
293,Quatre Cocos,MU,2021-09-22 20:18:25,-20.2078,57.7625,71.1,76,23,12.84
294,Cabo San Lucas,MX,2021-09-22 20:18:25,22.8909,-109.9124,95.61,62,20,5.75
295,Ahuimanu,US,2021-09-22 20:18:26,21.4447,-157.8378,87.51,60,20,13.8
296,Stawell,AU,2021-09-22 20:18:26,-37.05,142.7667,41.23,97,1,5.5
297,Naze,JP,2021-09-22 20:18:26,28.3667,129.4833,75.87,75,3,6.8
298,Pauini,BR,2021-09-22 20:18:27,-7.7136,-66.9764,84.25,62,96,1.32
299,San Andres,CO,2021-09-22 20:18:27,12.5847,-81.7006,82.76,75,65,6.11
300,Abu Samrah,SY,2021-09-22 20:18:27,35.3029,37.1841,72.97,71,0,9.26
301,Medicine Hat,CA,2021-09-22 20:18:27,50.0501,-110.6683,81.03,22,75,5.01
302,Banda Aceh,ID,2021-09-22 20:18:28,5.5577,95.3222,78.6,75,100,8.12
303,Fairbanks,US,2021-09-22 20:15:54,64.8378,-147.7164,34.09,73,75,2.3
304,Namatanai,PG,2021-09-22 20:18:28,-3.6667,152.4333,77.99,83,100,7.4
305,Boguchany,RU,2021-09-22 20:18:29,58.3814,97.4531,31.75,91,65,3.47
306,Mecca,SA,2021-09-22 20:18:29,21.4267,39.8261,89.33,44,9,1.77
307,Itaituba,BR,2021-09-22 20:18:29,-4.2761,-55.9836,93.36,55,20,2.77
308,Hovd,MN,2021-09-22 20:18:29,48.0056,91.6419,42.82,29,93,4.45
309,Koundara,GN,2021-09-22 20:18:30,12.4833,-13.3,79.45,88,95,3.2
310,Aksu,CN,2021-09-22 20:18:30,41.1231,80.2644,68.67,31,79,6.49
311,Sakaiminato,JP,2021-09-22 20:18:30,35.55,133.2333,73.38,78,75,20.71
312,Taoudenni,ML,2021-09-22 20:18:31,22.6783,-3.9836,100.06,7,2,2.73
313,Riyadh,SA,2021-09-22 20:18:31,24.6877,46.7219,84.34,18,0,7.23
314,Buala,SB,2021-09-22 20:18:31,-8.145,159.5921,79.45,79,79,2.55
315,Puertollano,ES,2021-09-22 20:18:31,38.6871,-4.1073,62.19,75,12,6.06
316,Norman Wells,CA,2021-09-22 20:18:32,65.282,-126.8329,33.84,93,90,13.8
317,Nicolas Bravo,MX,2021-09-22 20:18:32,18.45,-88.9167,74.28,72,96,3.96
318,Kloulklubed,PW,2021-09-22 20:18:32,7.0419,134.2556,79.3,74,99,5.97
319,Babol,IR,2021-09-22 20:18:33,36.5513,52.679,73.47,81,0,2.37
320,Selma,US,2021-09-22 20:18:33,36.5708,-119.6121,98.91,22,1,4.61
321,Mareeba,AU,2021-09-22 20:18:33,-17.0,145.4333,61.52,92,3,1.57
322,Singaparna,ID,2021-09-22 20:18:34,-7.3515,108.111,70.45,97,80,1.59
323,Kavali,IN,2021-09-22 20:18:34,14.9167,79.9833,84.78,62,100,5.23
324,La Crosse,US,2021-09-22 20:18:34,43.8014,-91.2396,69.73,47,1,5.99
325,Kavaratti,IN,2021-09-22 20:18:35,10.5669,72.642,82.2,78,98,16.87
326,Shenjiamen,CN,2021-09-22 20:18:35,29.9576,122.298,76.73,87,0,9.57
327,Le Mars,US,2021-09-22 20:18:35,42.7942,-96.1656,71.56,28,1,5.75
328,Kupang,ID,2021-09-22 20:18:36,-10.1667,123.5833,75.83,77,62,10.63
329,Dwarka,IN,2021-09-22 20:18:36,22.2394,68.9678,81.55,79,99,12.62
330,Namibe,AO,2021-09-22 20:18:36,-15.1961,12.1522,63.66,85,20,2.35
331,Tautira,PF,2021-09-22 20:18:36,-17.7333,-149.15,78.82,71,44,5.75
332,Nawabganj,BD,2021-09-22 20:18:37,24.5911,88.271,75.83,93,91,5.21
333,Marmande,FR,2021-09-22 20:18:37,44.5,0.1667,63.88,94,10,3.29
334,Tarko-Sale,RU,2021-09-22 20:18:38,64.9225,77.785,30.88,84,39,11.3
335,Dong Hoi,VN,2021-09-22 20:18:38,17.4833,106.6,77.81,88,37,3.76
336,Birao,CF,2021-09-22 20:18:38,10.2849,22.7882,71.11,92,96,4.88
337,Abhar,IR,2021-09-22 20:18:38,36.1468,49.218,64.94,44,0,2.89
338,Svetlogorsk,BY,2021-09-22 20:18:39,52.6333,29.7333,41.41,96,100,7.11
339,San Rafael,AR,2021-09-22 20:16:49,-34.6177,-68.3301,72.19,25,3,9.66
340,La Primavera,CO,2021-09-22 20:18:39,5.4906,-70.4092,79.79,83,100,5.79
341,San Vicente,AR,2021-09-22 20:18:40,-26.6167,-54.1333,80.69,39,98,2.64
342,Biltine,TD,2021-09-22 20:18:40,14.5333,20.9167,91.62,26,13,4.88
343,Bokhan,RU,2021-09-22 20:18:40,53.153,103.7714,34.81,91,13,1.14
344,Mayo,US,2021-09-22 20:18:40,38.8876,-76.5119,82.94,79,75,18.01
345,Gedo,ET,2021-09-22 20:18:41,9.0167,37.45,48.65,91,59,4.07
346,Anderson,US,2021-09-22 20:17:44,34.5334,-82.6499,79.36,90,90,11.5
347,Vestmannaeyjar,IS,2021-09-22 20:17:12,63.4427,-20.2734,43.07,62,24,16.49
348,Fortuna,US,2021-09-22 20:18:41,40.5982,-124.1573,84.47,69,94,1.01
349,Ortona,IT,2021-09-22 20:18:42,42.3496,14.4039,64.15,63,97,4.29
350,Kruisfontein,ZA,2021-09-22 20:18:42,-34.0033,24.7314,55.89,85,51,6.58
351,Russell,US,2021-09-22 20:15:04,32.3502,-85.1999,78.96,64,75,10.36
352,Maltahohe,NA,2021-09-22 20:18:42,-24.8333,16.9833,70.25,8,21,7.63
353,Villa Bruzual,VE,2021-09-22 20:18:43,9.3328,-69.1208,82.85,81,100,3.62
354,Cap Malheureux,MU,2021-09-22 20:18:43,-19.9842,57.6142,71.47,70,12,5.99
355,Hofn,IS,2021-09-22 20:18:43,64.2539,-15.2082,41.09,56,56,15.05
356,Aguadilla,PR,2021-09-22 20:16:21,18.4275,-67.1541,89.06,76,40,5.99
357,Kudahuvadhoo,MV,2021-09-22 20:18:44,2.6708,72.8944,83.1,76,100,12.75
358,Laguna,US,2021-09-22 20:18:44,38.421,-121.4238,98.64,27,1,3.0
359,Kieta,PG,2021-09-22 20:18:44,-6.2167,155.6333,77.88,83,51,4.05
360,Mujiayingzi,CN,2021-09-22 20:18:45,42.1167,118.7833,52.86,74,0,2.06
361,Nizhniy Kuranakh,RU,2021-09-22 20:18:45,58.8353,125.4869,45.05,90,100,4.34
362,Murgab,TM,2021-09-22 20:18:45,37.4966,61.9714,66.07,42,0,6.91
363,Williams Lake,CA,2021-09-22 20:18:46,52.1415,-122.1445,63.97,48,75,8.05
364,Esmeraldas,BR,2021-09-22 20:18:46,-19.7625,-44.3139,82.51,29,8,11.16
365,Wasilla,US,2021-09-22 20:15:26,61.5814,-149.4394,41.52,58,1,3.44
366,Palmer,US,2021-09-22 20:18:46,42.1584,-72.3287,77.99,77,75,1.01
367,Lircay,PE,2021-09-22 20:18:47,-12.9896,-74.7205,64.94,83,100,5.1
368,Cravo Norte,CO,2021-09-22 20:18:47,6.3017,-70.2041,84.45,69,98,6.71
369,Tuy Hoa,VN,2021-09-22 20:18:47,13.0833,109.3,75.9,91,100,4.16
370,Jambi,ID,2021-09-22 20:18:48,-1.6,103.6167,75.09,93,72,2.93
371,Kinston,US,2021-09-22 20:17:05,35.2627,-77.5816,76.6,94,90,8.05
372,Bilecik,TR,2021-09-22 20:18:49,40.0,30.1667,52.48,71,100,3.47
373,Grand Gaube,MU,2021-09-22 20:18:49,-20.0064,57.6608,71.38,70,17,5.99
374,Bhindar,IN,2021-09-22 20:18:49,24.5,74.1833,74.61,92,100,1.77
375,Aitape,PG,2021-09-22 20:18:49,-3.1374,142.3475,76.39,89,99,4.74
376,Orapa,BW,2021-09-22 20:18:50,-21.2833,25.3667,59.99,71,10,16.67
377,Puerto Colombia,CO,2021-09-22 20:18:50,10.9878,-74.9547,77.09,73,100,4.9
378,Dedougou,BF,2021-09-22 20:18:50,12.4667,-3.4667,76.21,79,60,8.12
379,Santa Cruz,BO,2021-09-22 20:18:51,-17.8,-63.1667,87.26,42,94,9.22
380,Jiexiu,CN,2021-09-22 20:18:51,37.0244,111.9125,63.54,76,100,4.52
381,Erattupetta,IN,2021-09-22 20:18:51,9.7,76.7833,76.3,97,99,0.98
382,Katsuura,JP,2021-09-22 20:14:17,35.1333,140.3,78.91,84,100,19.04
383,Surab,PK,2021-09-22 20:18:52,28.4914,66.2585,69.84,48,0,4.85
384,Mahebourg,MU,2021-09-22 20:18:52,-20.4081,57.7,71.26,78,40,11.5
385,Rincon,US,2021-09-22 20:18:52,32.296,-81.2354,88.25,68,75,9.22
386,Paranaiba,BR,2021-09-22 20:18:53,-19.6772,-51.1908,96.6,20,2,11.77
387,Monrovia,LR,2021-09-22 20:18:08,6.3005,-10.7969,77.95,85,100,7.61
388,Grindavik,IS,2021-09-22 20:18:53,63.8424,-22.4338,39.67,75,20,8.05
389,Huilong,CN,2021-09-22 20:18:53,31.8111,121.655,74.98,75,1,2.62
390,Dao,PH,2021-09-22 20:18:54,11.3937,122.6856,74.61,93,99,3.31
391,Mananara,MG,2021-09-22 20:18:54,-16.1667,49.7667,66.88,89,13,3.09
392,Pelym,RU,2021-09-22 20:18:54,61.0108,61.9978,36.18,94,86,3.56
393,Byron Bay,AU,2021-09-22 20:15:02,-28.65,153.6167,55.35,85,21,7.34
394,Celles,BE,2021-09-22 20:18:55,50.7123,3.4573,57.78,74,78,3.38
395,Naryan-Mar,RU,2021-09-22 20:18:55,67.6713,53.087,37.0,84,0,7.52
396,Porto Belo,BR,2021-09-22 20:18:55,-27.1578,-48.5531,69.64,62,98,10.42
397,Atambua,ID,2021-09-22 20:18:56,-9.1061,124.8925,69.55,77,78,5.35
398,Sisimiut,GL,2021-09-22 20:18:56,66.9395,-53.6735,32.58,57,1,9.15
399,Manzhouli,CN,2021-09-22 20:18:56,49.6,117.4333,47.73,80,78,7.02
400,Wairoa,NZ,2021-09-22 20:18:57,-39.0333,177.3667,59.61,95,100,5.82
401,Genhe,CN,2021-09-22 20:18:57,50.7833,121.5167,40.42,88,41,2.84
402,Atar,MR,2021-09-22 20:18:57,20.5169,-13.0499,97.63,13,0,7.02
403,Havoysund,NO,2021-09-22 20:18:58,70.9963,24.6622,50.88,85,98,18.07
404,Honnali,IN,2021-09-22 20:18:58,14.25,75.6667,70.0,95,100,6.06
405,Aykhal,RU,2021-09-22 20:18:58,66.0,111.5,31.78,81,100,4.94
406,Fort Saint James,CA,2021-09-22 20:18:59,54.4333,-124.25,59.92,35,60,13.96
407,Klaksvik,FO,2021-09-22 20:18:59,62.2266,-6.589,49.12,77,97,21.54
408,Myitkyina,MM,2021-09-22 20:18:59,25.3833,97.4,74.98,82,99,1.72
409,Dukat,RU,2021-09-22 20:19:00,62.55,155.55,37.18,89,90,2.77
410,Gornyy,RU,2021-09-22 20:19:00,55.1153,83.9059,35.53,97,100,4.65
411,Nisia Floresta,BR,2021-09-22 20:19:00,-6.0911,-35.2086,83.21,72,91,8.55
412,Broken Hill,AU,2021-09-22 20:19:00,-31.95,141.4333,46.13,79,0,1.68
413,Mount Gambier,AU,2021-09-22 20:19:01,-37.8333,140.7667,51.71,93,90,10.36
414,Abu Dhabi,AE,2021-09-22 20:16:01,24.4667,54.3667,89.62,58,0,3.44
415,Rosarito,MX,2021-09-22 20:19:01,32.3333,-117.0333,106.65,49,0,14.0
416,Lardos,GR,2021-09-22 20:19:01,36.0942,28.0157,77.95,62,2,17.05
417,Port-Gentil,GA,2021-09-22 20:19:02,-0.7193,8.7815,78.3,85,43,11.97
418,Iqaluit,CA,2021-09-22 20:19:02,63.7506,-68.5145,33.53,93,90,2.3
419,Ostrovnoy,RU,2021-09-22 20:19:03,68.0531,39.5131,38.88,80,100,24.76
420,Bykovo,RU,2021-09-22 20:17:06,55.6361,38.0803,46.81,100,90,4.47
421,Zhaoqing,CN,2021-09-22 20:19:03,23.0512,112.4597,78.28,87,99,1.99
422,Mandalgovi,MN,2021-09-22 20:19:03,45.7625,106.2708,49.1,54,100,17.11
423,Malia,GR,2021-09-22 20:19:03,35.2833,25.4667,81.01,64,1,4.23
424,Kasongo,CD,2021-09-22 20:19:04,-4.45,26.6667,76.8,61,61,1.43
425,Camalu,MX,2021-09-22 20:19:04,30.85,-116.0667,97.43,49,3,7.83
426,Norfolk,US,2021-09-22 20:19:05,42.1668,-71.2495,76.46,89,75,1.99
427,Hazleton,US,2021-09-22 20:19:05,40.9584,-75.9746,77.43,78,75,8.05
428,Taltal,CL,2021-09-22 20:19:05,-25.4,-70.4833,63.81,62,1,6.58
429,Udachnyy,RU,2021-09-22 20:19:06,66.4167,112.4,33.62,79,100,4.52
430,Kalianget,ID,2021-09-22 20:19:06,-7.05,113.9333,80.26,77,83,10.4
431,Dingle,PH,2021-09-22 20:19:06,10.9995,122.6711,74.71,93,100,3.74
432,Shihezi,CN,2021-09-22 20:19:07,44.3,86.0333,55.98,24,0,5.7
433,Katangli,RU,2021-09-22 20:19:07,51.7102,143.2326,41.97,93,4,8.97
434,Chippewa Falls,US,2021-09-22 20:19:07,44.9369,-91.3929,69.98,46,1,6.91
435,Barcelos,PT,2021-09-22 20:19:08,41.5388,-8.6151,68.85,62,88,5.75
436,Nueva Loja,EC,2021-09-22 20:19:08,0.0847,-76.8828,80.08,94,90,4.61
437,Filingue,NE,2021-09-22 20:19:08,14.3521,3.3168,87.58,53,83,18.05
438,Rongcheng,CN,2021-09-22 20:19:09,30.634,117.8517,69.62,67,0,3.47
439,Acapulco,MX,2021-09-22 20:19:09,16.8634,-99.8901,87.62,79,40,9.22
440,Oussouye,SN,2021-09-22 20:19:09,12.485,-16.5469,84.38,85,100,5.84
441,Leh,IN,2021-09-22 20:19:09,34.1667,77.5833,54.57,41,2,6.24
442,Svobodnyy,RU,2021-09-22 20:19:10,51.4,128.1333,39.9,66,0,7.23
443,Vila Franca Do Campo,PT,2021-09-22 20:19:10,37.7167,-25.4333,70.21,76,15,9.33
444,Chara,RU,2021-09-22 20:19:10,56.9064,118.2631,39.42,94,100,4.56
445,Gusau,NG,2021-09-22 20:19:11,12.1628,6.6614,72.81,83,68,9.01
446,Luancheng,CN,2021-09-22 20:19:11,37.8792,114.6517,68.16,88,100,3.0
447,Roma,US,2021-09-22 20:18:47,43.2128,-75.4557,79.39,72,75,6.91
448,Clyde,US,2021-09-22 20:19:11,41.3042,-82.9752,63.55,92,100,23.42
449,Comodoro Rivadavia,AR,2021-09-22 20:19:12,-45.8667,-67.5,69.66,24,0,28.77
450,Roald,NO,2021-09-22 20:19:12,62.5833,6.1333,53.74,71,75,19.57
451,Hornepayne,CA,2021-09-22 20:19:12,49.2138,-84.7705,57.42,44,59,4.38
452,Ndele,CF,2021-09-22 20:19:13,8.4109,20.6473,71.69,89,97,3.51
453,Kindu,CD,2021-09-22 20:16:08,-2.95,25.95,73.83,72,99,2.46
454,Cap-Aux-Meules,CA,2021-09-22 20:16:01,47.3821,-61.8597,66.25,77,75,11.5
455,Talavera De La Reina,ES,2021-09-22 20:19:13,39.9635,-4.8308,62.38,76,69,11.63
456,Kamenka,RU,2021-09-22 20:19:13,51.3223,42.7678,49.46,78,100,5.88
457,Yeniseysk,RU,2021-09-22 20:19:14,58.4497,92.1703,29.41,97,98,4.18
458,Aripuana,BR,2021-09-22 20:19:14,-9.1667,-60.6333,103.41,17,81,5.48
459,Lumphat,KH,2021-09-22 20:19:14,13.4878,106.9816,73.65,99,100,1.16
460,Linxia,CN,2021-09-22 20:19:15,35.6003,103.2064,53.67,69,25,3.31
461,Rimini,IT,2021-09-22 20:19:15,44.0241,12.5186,64.44,73,41,4.0
462,La Macarena,CO,2021-09-22 20:19:15,2.1837,-73.7849,79.47,90,97,3.67
463,Maragogi,BR,2021-09-22 20:19:16,-9.0122,-35.2225,78.53,83,6,12.24
464,Xiaoshan,CN,2021-09-22 20:19:16,30.1675,120.2588,71.46,83,0,4.47
465,Saint-Germain-De-Grantham,CA,2021-09-22 20:19:16,45.8334,-72.5658,78.3,73,75,1.99
466,Te Anau,NZ,2021-09-22 20:19:17,-45.4167,167.7167,40.69,86,18,0.81
467,Caravelas,BR,2021-09-22 20:19:17,-17.7125,-39.2481,73.33,66,100,17.2
468,Arlit,NE,2021-09-22 20:19:17,18.7369,7.3853,96.71,10,22,8.63
469,Yarmouth,US,2021-09-22 20:19:17,41.7057,-70.2286,78.96,80,1,7.0
470,Pierre,US,2021-09-22 20:18:20,44.3683,-100.351,79.86,26,1,3.0
471,Colac,AU,2021-09-22 20:19:18,-38.3333,143.5833,49.17,95,28,10.33
472,Amapa,BR,2021-09-22 20:19:18,1.0,-52.0,78.19,78,100,4.14
473,Mayumba,GA,2021-09-22 20:19:18,-3.432,10.6554,75.9,85,13,7.56
474,Mollendo,PE,2021-09-22 20:19:19,-17.0231,-72.0147,61.29,84,100,9.15
475,Pathein,MM,2021-09-22 20:19:19,16.7833,94.7333,75.06,96,100,6.96
476,Camacha,PT,2021-09-22 20:19:19,33.0833,-16.3333,68.76,68,20,12.66
477,Broome,US,2021-09-22 20:19:19,42.2506,-75.833,75.7,79,75,1.01
478,Belaya Gora,RU,2021-09-22 20:19:20,68.5333,146.4167,29.19,76,61,2.71
479,Nurota,UZ,2021-09-22 20:19:20,40.5614,65.6886,62.69,17,2,7.81
480,Mercedes,AR,2021-09-22 20:19:20,-34.6515,-59.4307,55.89,93,100,5.5
481,Sidney,AU,2021-09-22 20:16:56,-33.8679,151.2073,52.63,89,0,10.36
482,Vidim,RU,2021-09-22 20:19:21,56.4088,103.1106,31.59,91,45,3.85
483,Burgeo,CA,2021-09-22 20:19:21,47.6167,-57.6152,62.28,81,93,18.07
484,Chitaga,CO,2021-09-22 20:19:22,7.1378,-72.6646,64.15,81,96,4.59
485,Santa Maria,BR,2021-09-22 20:17:34,-29.6842,-53.8069,67.39,66,39,11.83
486,Qui Nhon,VN,2021-09-22 20:19:23,13.7667,109.2333,77.31,86,100,5.66
487,Narok,KE,2021-09-22 20:19:23,-1.0783,35.8601,62.04,72,100,9.91
488,Gornyak,RU,2021-09-22 20:19:23,50.9942,81.4661,39.07,59,100,3.42
489,Tuatapere,NZ,2021-09-22 20:19:24,-46.1333,167.6833,42.82,78,5,5.48
490,Salt,JO,2021-09-22 20:19:24,32.0392,35.7272,72.68,79,0,5.5
491,Milford,US,2021-09-22 20:19:24,41.2223,-73.0565,81.07,81,90,4.0
492,Seymchan,RU,2021-09-22 20:19:25,62.8833,152.4333,34.52,89,36,1.86
493,Tiznit,MA,2021-09-22 20:19:25,29.5833,-9.5,64.45,82,100,4.85
494,Sorrento,IT,2021-09-22 20:19:25,40.626,14.3744,71.17,26,0,5.99
495,Sambava,MG,2021-09-22 20:19:25,-14.2667,50.1667,72.21,75,25,11.86
496,Kattivakkam,IN,2021-09-22 20:19:26,13.2167,80.3167,84.29,74,97,10.78
497,Lukovetskiy,RU,2021-09-22 20:19:26,64.2956,41.9211,31.98,84,5,4.63
498,Moyale,KE,2021-09-22 20:19:26,3.5167,39.0584,74.91,53,94,19.48
499,Rayong,TH,2021-09-22 20:19:27,12.8333,101.4333,79.48,97,100,2.75
500,Nyurba,RU,2021-09-22 20:19:27,63.2842,118.3319,37.0,95,91,6.15
501,The Pas,CA,2021-09-22 20:19:27,53.8251,-101.2541,75.22,29,90,14.97
502,Saint-Leu,RE,2021-09-22 20:19:28,-21.15,55.2833,67.06,68,36,3.44
503,Coihaique,CL,2021-09-22 20:19:28,-45.5752,-72.0662,56.01,91,100,8.61
504,Sanghar,PK,2021-09-22 20:19:28,26.0466,68.9481,84.27,62,100,6.91
505,Javanrud,IR,2021-09-22 20:19:29,34.7961,46.5172,64.13,28,0,4.99
506,Vinukonda,IN,2021-09-22 20:19:29,16.05,79.75,81.05,72,100,4.81
507,Chernogolovka,RU,2021-09-22 20:19:29,56.0,38.3667,45.01,98,100,3.49
508,Sorland,NO,2021-09-22 20:19:29,67.667,12.6934,50.07,79,55,33.49
509,Tabou,CI,2021-09-22 20:19:30,4.423,-7.3528,77.65,88,37,5.59
510,Aragats,AM,2021-09-22 20:19:30,40.4889,44.3528,51.37,78,42,3.31
511,Meulaboh,ID,2021-09-22 20:19:30,4.1363,96.1285,75.67,91,97,4.03
512,Port Townsend,US,2021-09-22 20:19:31,48.117,-122.7605,66.56,82,90,1.01
513,Jiazi,CN,2021-09-22 20:19:31,22.8779,116.067,81.46,82,100,8.37
514,Sioux Lookout,CA,2021-09-22 20:19:31,50.1001,-91.917,68.07,45,40,8.05
515,Bocas Del Toro,PA,2021-09-22 20:19:32,9.3333,-82.25,83.07,71,72,6.58
516,Den Helder,NL,2021-09-22 20:19:32,52.9599,4.7593,62.58,82,8,12.66
517,Nipawin,CA,2021-09-22 20:15:03,53.3668,-104.0009,76.23,23,99,12.55
518,Zomba,MW,2021-09-22 20:19:32,-15.386,35.3188,65.1,63,0,5.55
519,Yomou,GN,2021-09-22 20:19:33,7.5603,-9.2653,71.06,96,76,1.92
520,Kamaishi,JP,2021-09-22 20:19:33,39.2667,141.8833,68.49,87,100,4.09
521,New Amsterdam,GY,2021-09-22 20:19:34,6.25,-57.5167,84.81,66,23,6.31
522,Richards Bay,ZA,2021-09-22 20:19:34,-28.783,32.0377,59.92,74,0,5.61
523,Mehamn,NO,2021-09-22 20:19:34,71.0357,27.8492,48.38,87,75,29.93
524,Chake Chake,TZ,2021-09-22 20:19:35,-5.2459,39.7666,75.24,85,4,9.91
525,Fayaoue,NC,2021-09-22 20:19:35,-20.65,166.5333,71.65,79,85,18.3
526,Pabrade,LT,2021-09-22 20:19:35,55.0,25.7833,43.23,94,100,5.97
527,Mangan,IN,2021-09-22 20:19:36,27.5167,88.5333,73.76,84,100,2.98
528,Kurchum,KZ,2021-09-22 20:19:36,48.5722,83.6542,41.4,44,100,3.96
529,Poum,NC,2021-09-22 20:19:36,-20.2333,164.0167,70.68,68,82,22.44
530,Kittery,US,2021-09-22 20:19:37,43.0881,-70.7362,74.97,84,90,1.01
531,Koppies,ZA,2021-09-22 20:19:37,-27.2418,27.5742,62.38,38,22,6.06
532,Chekalin,RU,2021-09-22 20:19:38,54.0969,36.245,46.45,96,100,3.69
533,Octeville,FR,2021-09-22 20:19:38,49.6261,-1.6435,57.06,88,9,3.44
534,Gornopravdinsk,RU,2021-09-22 20:19:38,60.05,69.9,30.72,95,39,3.83
535,Magadi,IN,2021-09-22 20:19:38,12.9667,77.2333,70.14,92,100,5.14
536,Balaguer,ES,2021-09-22 20:19:39,41.7912,0.8109,67.41,86,46,1.68
537,Necochea,AR,2021-09-22 20:19:39,-38.5473,-58.7368,54.03,73,100,7.83
538,Skibbereen,IE,2021-09-22 20:19:39,51.55,-9.2667,58.8,93,100,13.09
539,Walla Walla,US,2021-09-22 20:19:39,46.0646,-118.343,80.67,33,1,4.0
540,Tucano,BR,2021-09-22 20:19:40,-10.9631,-38.7867,95.43,14,8,7.74
541,Tabuk,PH,2021-09-22 20:19:40,17.4189,121.4443,73.4,92,57,1.9
542,Belle Fourche,US,2021-09-22 20:19:40,44.6714,-103.8522,85.08,6,9,4.29
543,Razdolnoye,RU,2021-09-22 20:19:41,43.55,131.9167,55.81,94,100,12.28
544,Bambanglipuro,ID,2021-09-22 20:19:41,-7.95,110.2833,76.37,87,96,5.86
545,Maneromango,TZ,2021-09-22 20:19:41,-7.1988,38.7848,67.23,90,1,5.1
546,Itapuranga,BR,2021-09-22 20:19:42,-15.5622,-49.9486,99.66,12,1,5.08
547,Sayat,TM,2021-09-22 20:19:42,38.7839,63.8803,67.87,13,0,9.64
548,Kundiawa,PG,2021-09-22 20:19:42,-6.0167,144.9667,62.1,98,100,1.95
549,Ashtian,IR,2021-09-22 20:19:43,34.5217,50.0019,66.67,20,0,5.88
550,Portland,US,2021-09-22 20:14:49,45.5234,-122.6762,70.95,67,75,1.01
551,Hulan Ergi,CN,2021-09-22 20:19:43,47.2042,123.6333,49.41,92,9,6.91
552,Ambo,PE,2021-09-22 20:19:43,-10.1308,-76.2047,59.94,84,100,4.18
553,Colares,PT,2021-09-22 20:19:44,38.7992,-9.4469,73.08,53,20,13.8
554,Nieuw Amsterdam,SR,2021-09-22 20:19:44,5.8833,-55.0833,86.02,70,20,10.36
555,Bakchar,RU,2021-09-22 20:19:44,57.0186,82.0711,35.26,95,100,3.47
556,Cururupu,BR,2021-09-22 20:19:45,-1.8283,-44.8683,83.39,65,50,6.44
557,Samarai,PG,2021-09-22 20:19:45,-10.6167,150.6667,77.77,77,100,16.89
558,Abha,SA,2021-09-22 20:19:45,18.2164,42.5053,66.02,88,20,0.0
559,Hensall,CA,2021-09-22 20:19:46,43.4334,-81.4998,57.18,94,100,25.08
560,Shimoda,JP,2021-09-22 20:19:46,34.6667,138.95,76.3,88,94,12.97
561,Yershov,RU,2021-09-22 20:19:46,51.3513,48.2766,57.81,50,100,11.63
562,San Borja,BO,2021-09-22 20:19:47,-14.8167,-66.85,99.43,24,77,1.39
563,Uige,AO,2021-09-22 20:19:47,-7.6087,15.0613,75.2,61,54,3.51
564,Lubango,AO,2021-09-22 20:19:47,-14.9172,13.4925,70.38,34,60,1.77
565,Saint-Felicien,CA,2021-09-22 20:19:48,48.6501,-72.4491,52.48,93,90,14.97
